,id,country,name
0,1,algeria,ligue-1-2016-2017
1,6,algeria,ligue-1-2017-2018
2,11,algeria,ligue-1-2018-2019
3,16,algeria,ligue-1-2019-2020
4,20,algeria,ligue-1-2020-2021
5,28,algeria,ligue-1-2021-2022
6,35,algeria,ligue-2-2018-2019
7,38,algeria,ligue-2-2019-2020
8,42,algeria,ligue-2-2020-2021
9,48,algeria,ligue-2-2021-2022
10,146,argentina,liga-profesional-2021
11,153,argentina,liga-profesional-2022
12,274,argentina,primera-b-2019-2020
13,279,argentina,primera-b-2020-2021
14,281,argentina,primera-b-2021
15,287,argentina,primera-b-2022
16,259,argentina,primera-b-metropolitana-2017-2018
17,266,argentina,primera-b-metropolitana-2018-2019
18,156,argentina,primera-b-nacional-2011-2012
19,164,argentina,primera-b-nacional-2012-2013
20,165,argentina,primera-b-nacional-2013-2014
21,182,argentina,primera-b-nacional-2014
22,187,argentina,primera-b-nacional-2015
23,208,argentina,primera-b-nacional-2016
24,193,argentina,primera-b-nacional-2016-2017
25,213,argentina,primera-b-nacional-2017-2018
26,220,argentina,primera-b-nacional-2018-2019
27,307,argentina,primera-c-2019-2020
28,313,argentina,primera-c-2020-2021
29,315,argentina,primera-c-2021
30,323,argentina,primera-c-2022
31,291,argentina,primera-c-metropolitana-2017-2018
32,299,argentina,primera-c-metropolitana-2018-2019
33,65,argentina,primera-division-2009-2010
34,57,argentina,primera-division-2010-2011
35,73,argentina,primera-division-2011-2012
36,81,argentina,primera-division-2012-2013
37,89,argentina,primera-division-2013-2014
38,97,argentina,primera-division-2014
39,101,argentina,primera-division-2015
40,120,argentina,primera-division-2016
41,111,argentina,primera-division-2016-2017
42,227,argentina,primera-nacional-2019-2020
43,234,argentina,primera-nacional-2020-2021
44,237,argentina,primera-nacional-2021
45,249,argentina,primera-nacional-2022
46,125,argentina,superliga-2017-2018
47,133,argentina,superliga-2018-2019
48,140,argentina,superliga-2019-2020
49,328,australia,a-league-2009-2010
50,331,australia,a-league-2010-2011
51,335,australia,a-league-2011-2012
52,338,australia,a-league-2012-2013
53,341,australia,a-league-2013-2014
54,344,australia,a-league-2014-2015
55,347,australia,a-league-2015-2016
56,350,australia,a-league-2016-2017
57,353,australia,a-league-2017-2018
58,356,australia,a-league-2018-2019
59,359,australia,a-league-2019-2020
60,362,australia,a-league-2020-2021
61,366,australia,a-league-2021-2022
62,462,austria,2-liga-2018-2019
63,467,austria,2-liga-2019-2020
64,472,austria,2-liga-2020-2021
65,477,austria,2-liga-2021-2022
66,422,austria,bundesliga-2021-2022
67,426,austria,erste-liga-2009-2010
68,430,austria,erste-liga-2010-2011
69,434,austria,erste-liga-2011-2012
70,438,austria,erste-liga-2012-2013
71,442,austria,erste-liga-2013-2014
72,446,austria,erste-liga-2014-2015
73,450,austria,erste-liga-2015-2016
74,454,austria,erste-liga-2016-2017
75,458,austria,erste-liga-2017-2018
76,370,austria,t-mobile-bundesliga-2008-2009
77,374,austria,t-mobile-bundesliga-2009-2010
78,378,austria,t-mobile-bundesliga-2010-2011
79,394,austria,tipico-bundesliga-2014-2015
80,398,austria,tipico-bundesliga-2015-2016
81,402,austria,tipico-bundesliga-2016-2017
82,406,austria,tipico-bundesliga-2017-2018
83,410,austria,tipico-bundesliga-2018-2019
84,414,austria,tipico-bundesliga-2019-2020
85,418,austria,tipico-bundesliga-2020-2021
86,382,austria,tipp3-bundesliga-2011-2012
87,384,austria,tipp3-bundesliga-2012-2013
88,390,austria,tipp3-bundesliga-2013-2014
89,482,azerbaijan,premier-league-2017-2018
90,485,azerbaijan,premier-league-2018-2019
91,488,azerbaijan,premier-league-2019-2020
92,490,azerbaijan,premier-league-2020-2021
93,493,azerbaijan,premier-league-2021-2022
94,496,bahrain,premier-league-2015-2016
95,502,bahrain,premier-league-2016-2017
96,498,bahrain,premier-league-2017-2018
97,500,bahrain,premier-league-2018-2019
98,504,bahrain,premier-league-2019-2020
99,506,bahrain,premier-league-2020-2021
100,507,bahrain,premier-league-2021-2022
101,514,belarus,vysshaya-liga-2015
102,510,belarus,vysshaya-liga-2016
103,524,belarus,vysshaya-liga-2017
104,519,belarus,vysshaya-liga-2018
105,528,belarus,vysshaya-liga-2019
106,534,belarus,vysshaya-liga-2020
107,539,belarus,vysshaya-liga-2021
108,544,belarus,vysshaya-liga-2022
109,547,belgium,jupiler-league-2008-2009
110,554,belgium,jupiler-league-2009-2010
111,560,belgium,jupiler-league-2010-2011
112,564,belgium,jupiler-league-2011-2012
113,572,belgium,jupiler-league-2012-2013
114,582,belgium,jupiler-league-2013-2014
115,580,belgium,jupiler-league-2014-2015
116,583,belgium,jupiler-league-2015-2016
117,593,belgium,jupiler-league-2016-2017
118,608,belgium,jupiler-league-2017-2018
119,610,belgium,jupiler-league-2018-2019
120,618,belgium,jupiler-league-2019-2020
121,623,belgium,jupiler-league-2020-2021
122,630,belgium,jupiler-pro-league-2021-2022
123,664,bolivia,division-profesional-2018
124,671,bolivia,division-profesional-2019
125,676,bolivia,division-profesional-2020
126,682,bolivia,division-profesional-2021
127,697,bolivia,division-profesional-2022
128,647,bolivia,liga-de-futbol-prof-2012-2013
129,641,bolivia,liga-de-futbol-prof-2013-2014
130,652,bolivia,liga-de-futbol-prof-2014-2015
131,654,bolivia,liga-de-futbol-prof-2015-2016
132,660,bolivia,liga-de-futbol-prof-2016-2017
133,706,bosnia-and-herzegovina,premier-league-2016-2017
134,710,bosnia-and-herzegovina,premier-league-2017-2018
135,714,bosnia-and-herzegovina,premier-league-2018-2019
136,721,bosnia-and-herzegovina,premier-league-2019-2020
137,717,bosnia-and-herzegovina,premier-league-2020-2021
138,725,bosnia-and-herzegovina,premier-league-2021-2022
139,729,brazil,serie-a-2008
140,732,brazil,serie-a-2009
141,835,brazil,serie-a-2010
142,830,brazil,serie-a-2011
143,740,brazil,serie-a-2012
144,748,brazil,serie-a-2013
145,750,brazil,serie-a-2014
146,752,brazil,serie-a-2015
147,760,brazil,serie-a-2016
148,769,brazil,serie-a-2017
149,774,brazil,serie-a-2018
150,785,brazil,serie-a-2019
151,792,brazil,serie-a-2020
152,807,brazil,serie-a-2021
153,817,brazil,serie-a-2022
154,857,brazil,serie-b-2009
155,865,brazil,serie-b-2010
156,873,brazil,serie-b-2011
157,881,brazil,serie-b-2012
158,889,brazil,serie-b-2013
159,897,brazil,serie-b-2014
160,905,brazil,serie-b-2015
161,911,brazil,serie-b-2016
162,920,brazil,serie-b-2017
163,927,brazil,serie-b-2018
164,937,brazil,serie-b-2019
165,945,brazil,serie-b-2020
166,953,brazil,serie-b-2021
167,961,brazil,serie-b-2022
168,966,brazil,serie-c-2018
169,970,brazil,serie-c-2019
170,974,brazil,serie-c-2020
171,978,brazil,serie-c-2021
172,983,brazil,serie-c-2022
173,987,bulgaria,parva-liga-2018-2019
174,992,bulgaria,parva-liga-2019-2020
175,997,bulgaria,parva-liga-2020-2021
176,1002,bulgaria,parva-liga-2021-2022
177,1007,chile,primera-division-2009
178,1014,chile,primera-division-2010
179,1021,chile,primera-division-2011
180,1028,chile,primera-division-2012
181,1038,chile,primera-division-2013
182,1035,chile,primera-division-2013-2014
183,1087,chile,primera-division-2014-2015
184,1044,chile,primera-division-2015-2016
185,1052,chile,primera-division-2016-2017
186,1049,chile,primera-division-2017
187,1057,chile,primera-division-2018
188,1058,chile,primera-division-2019
189,1066,chile,primera-division-2020
190,1077,chile,primera-division-2021
191,1083,chile,primera-division-2022
192,1138,china,jia-league-2015
193,1143,china,jia-league-2016
194,1148,china,jia-league-2017
195,1153,china,jia-league-2018
196,1158,china,jia-league-2019
197,1163,china,jia-league-2020
198,1166,china,jia-league-2021
199,1173,china,jia-league-2022
200,1094,china,super-league-2014
201,1100,china,super-league-2015
202,1099,china,super-league-2016
203,1129,china,super-league-2017
204,1102,china,super-league-2018
205,1108,china,super-league-2019
206,1134,china,super-league-2020
207,1115,china,super-league-2021
208,1120,china,super-league-2022
209,1183,colombia,liga-aguila-2015
210,1231,colombia,liga-aguila-2016
211,1192,colombia,liga-aguila-2017
212,1199,colombia,liga-aguila-2018
213,1216,colombia,liga-aguila-2019
214,1175,colombia,liga-postobon-2012
215,1198,colombia,liga-postobon-2013
216,1191,colombia,liga-postobon-2014
217,1239,colombia,primera-a-2020
218,1250,colombia,primera-a-2021
219,1259,colombia,primera-a-2022
220,1289,colombia,primera-b-2020
221,1293,colombia,primera-b-2021
222,1299,colombia,primera-b-2022
223,1265,colombia,torneo-aguila-2016
224,1271,colombia,torneo-aguila-2017
225,1277,colombia,torneo-aguila-2018
226,1283,colombia,torneo-aguila-2019
227,1303,costa-rica,primera-division-2014-2015
228,1309,costa-rica,primera-division-2015-2016
229,1315,costa-rica,primera-division-2016-2017
230,1321,costa-rica,primera-division-2017-2018
231,1326,costa-rica,primera-division-2018-2019
232,1329,costa-rica,primera-division-2019-2020
233,1338,costa-rica,primera-division-2020-2021
234,1344,costa-rica,primera-division-2021-2022
235,1351,croatia,1-hnl-2008-2009
236,1355,croatia,1-hnl-2009-2010
237,1360,croatia,1-hnl-2010-2011
238,1365,croatia,1-hnl-2011-2012
239,1374,croatia,1-hnl-2012-2013
240,1370,croatia,1-hnl-2013-2014
241,1378,croatia,1-hnl-2014-2015
242,1382,croatia,1-hnl-2015-2016
243,1386,croatia,1-hnl-2016-2017
244,1390,croatia,1-hnl-2017-2018
245,1394,croatia,1-hnl-2018-2019
246,1398,croatia,1-hnl-2019-2020
247,1402,croatia,1-hnl-2020-2021
248,1406,croatia,1-hnl-2021-2022
249,1410,cyprus,first-division-2016-2017
250,1415,cyprus,first-division-2017-2018
251,1420,cyprus,first-division-2018-2019
252,1424,cyprus,first-division-2019-2020
253,1427,cyprus,first-division-2020-2021
254,1433,cyprus,first-division-2021-2022
255,1482,czech-republic,1-liga-2016-2017
256,1487,czech-republic,1-liga-2017-2018
257,1492,czech-republic,1-liga-2018-2019
258,1498,czech-republic,1-liga-2019-2020
259,1504,czech-republic,1-liga-2020-2021
260,1511,czech-republic,1-liga-2021-2022
261,1517,czech-republic,division-2-2016-2017
262,1522,czech-republic,division-2-2017-2018
263,1527,czech-republic,division-2-2018-2019
264,1532,czech-republic,division-2-2019-2020
265,1537,czech-republic,division-2-2020-2021
266,1541,czech-republic,division-2-2021-2022
267,1437,czech-republic,gambrinus-liga-2007-2008
268,1442,czech-republic,gambrinus-liga-2008-2009
269,1447,czech-republic,gambrinus-liga-2009-2010
270,1452,czech-republic,gambrinus-liga-2010-2011
271,1457,czech-republic,gambrinus-liga-2011-2012
272,1462,czech-republic,gambrinus-liga-2012-2013
273,1467,czech-republic,gambrinus-liga-2013-2014
274,1546,czech-republic,msfl-2017-2018
275,1551,czech-republic,msfl-2018-2019
276,1556,czech-republic,msfl-2019-2020
277,1560,czech-republic,msfl-2020-2021
278,1472,czech-republic,synot-liga-2014-2015
279,1477,czech-republic,synot-liga-2015-2016
280,1641,denmark,1st-division-2009-2010
281,1650,denmark,1st-division-2010-2011
282,1646,denmark,1st-division-2011-2012
283,1655,denmark,1st-division-2012-2013
284,1671,denmark,1st-division-2016-2017
285,1676,denmark,1st-division-2017-2018
286,1686,denmark,1st-division-2018-2019
287,1691,denmark,1st-division-2019-2020
288,1695,denmark,1st-division-2020-2021
289,1699,denmark,1st-division-2021-2022
290,2890,denmark,2nd-division-2021-2022
291,2847,denmark,2nd-division-group-1-2017-2018
292,2852,denmark,2nd-division-group-1-2018-2019
293,2858,denmark,2nd-division-group-1-2019-2020
294,2862,denmark,2nd-division-group-1-2020-2021
295,2866,denmark,2nd-division-group-2-2017-2018
296,2871,denmark,2nd-division-group-2-2018-2019
297,2877,denmark,2nd-division-group-2-2019-2020
298,2879,denmark,2nd-division-group-2-2020-2021
299,2885,denmark,2nd-division-group-3-2017-2018
300,1667,denmark,bet25-liga-2015-2016
301,1659,denmark,nordicbet-ligaen-2013-2014
302,1663,denmark,nordicbet-ligaen-2014-2015
303,1562,denmark,superliga-2007-2008
304,1566,denmark,superliga-2008-2009
305,1582,denmark,superliga-2009-2010
306,1586,denmark,superliga-2010-2011
307,1590,denmark,superliga-2011-2012
308,1594,denmark,superliga-2012-2013
309,1598,denmark,superliga-2013-2014
310,1602,denmark,superliga-2014-2015
311,1606,denmark,superliga-2015-2016
312,1610,denmark,superliga-2016-2017
313,1613,denmark,superliga-2017-2018
314,1619,denmark,superliga-2018-2019
315,1625,denmark,superliga-2019-2020
316,1630,denmark,superliga-2020-2021
317,1634,denmark,superliga-2021-2022
318,1742,ecuador,liga-pro-2019
319,1751,ecuador,liga-pro-2020
320,1756,ecuador,liga-pro-2021
321,1703,ecuador,serie-a-2012
322,1709,ecuador,serie-a-2013
323,1715,ecuador,serie-a-2014
324,1717,ecuador,serie-a-2015
325,1726,ecuador,serie-a-2016
326,1733,ecuador,serie-a-2017
327,1739,ecuador,serie-a-2018
328,1761,egypt,premier-league-2015-2016
329,1766,egypt,premier-league-2016-2017
330,1775,egypt,premier-league-2017-2018
331,1782,egypt,premier-league-2018-2019
332,1789,egypt,premier-league-2019-2020
333,1793,egypt,premier-league-2020-2021
334,1800,egypt,premier-league-2021-2022
335,1808,el-salvador,primera-division-2017-2018
336,1814,el-salvador,primera-division-2018-2019
337,1820,el-salvador,primera-division-2019-2020
338,1825,el-salvador,primera-division-2020-2021
339,1830,el-salvador,primera-division-2021-2022
340,2539,england,blue-square-bet-premier-2011-2012
341,2550,england,blue-square-bet-premier-2012-2013
342,1956,england,championship-2007-2008
343,1968,england,championship-2008-2009
344,1980,england,championship-2009-2010
345,1994,england,championship-2010-2011
346,1999,england,championship-2011-2012
347,2024,england,championship-2012-2013
348,2049,england,championship-2013-2014
349,2057,england,championship-2014-2015
350,2069,england,championship-2015-2016
351,2081,england,championship-2016-2017
352,2092,england,championship-2017-2018
353,2120,england,championship-2018-2019
354,2133,england,championship-2019-2020
355,2146,england,championship-2020-2021
356,2161,england,championship-2021-2022
357,2184,england,league-one-2007-2008
358,2189,england,league-one-2008-2009
359,2207,england,league-one-2009-2010
360,2219,england,league-one-2010-2011
361,2232,england,league-one-2011-2012
362,2237,england,league-one-2012-2013
363,2241,england,league-one-2013-2014
364,2254,england,league-one-2014-2015
365,2266,england,league-one-2015-2016
366,2278,england,league-one-2016-2017
367,2302,england,league-one-2017-2018
368,2318,england,league-one-2018-2019
369,2330,england,league-one-2019-2020
370,2339,england,league-one-2020-2021
371,2355,england,league-one-2021-2022
372,2385,england,league-two-2009-2010
373,2373,england,league-two-2010-2011
374,2397,england,league-two-2011-2012
375,2407,england,league-two-2012-2013
376,2428,england,league-two-2013-2014
377,2445,england,league-two-2014-2015
378,2457,england,league-two-2015-2016
379,2469,england,league-two-2016-2017
380,2481,england,league-two-2017-2018
381,2493,england,league-two-2018-2019
382,2505,england,league-two-2019-2020
383,2515,england,league-two-2020-2021
384,2527,england,league-two-2021-2022
385,2586,england,national-league-2015-2016
386,2598,england,national-league-2016-2017
387,2601,england,national-league-2017-2018
388,2620,england,national-league-2018-2019
389,2624,england,national-league-2019-2020
390,2636,england,national-league-2020-2021
391,2654,england,national-league-2021-2022
392,1836,england,premier-league-2007-2008
393,1844,england,premier-league-2008-2009
394,1852,england,premier-league-2009-2010
395,1860,england,premier-league-2010-2011
396,1868,england,premier-league-2011-2012
397,1873,england,premier-league-2012-2013
398,1882,england,premier-league-2013-2014
399,1890,england,premier-league-2014-2015
400,1899,england,premier-league-2015-2016
401,1908,england,premier-league-2016-2017
402,1915,england,premier-league-2017-2018
403,1923,england,premier-league-2018-2019
404,1931,england,premier-league-2019-2020
405,1947,england,premier-league-2020-2021
406,1939,england,premier-league-2021-2022
407,2562,england,the-skrill-premier-2013-2014
408,2574,england,vanarama-conference-2014-2015
409,2665,estonia,meistriliiga-2016
410,2669,estonia,meistriliiga-2017
411,2673,estonia,meistriliiga-2018
412,2677,estonia,meistriliiga-2019
413,2681,estonia,meistriliiga-2020
414,2685,estonia,meistriliiga-2021
415,2689,estonia,meistriliiga-2022
416,2691,faroe-islands,premier-league-2020
417,2694,faroe-islands,premier-league-2021
418,2696,faroe-islands,premier-league-2022
419,2787,finland,kakkonen-group-a-2016
420,2790,finland,kakkonen-group-a-2017
421,2793,finland,kakkonen-group-a-2018
422,2796,finland,kakkonen-group-a-2019
423,2799,finland,kakkonen-group-a-2020
424,2801,finland,kakkonen-group-a-2021
425,2805,finland,kakkonen-group-a-2022
426,2807,finland,kakkonen-group-b-2016
427,2810,finland,kakkonen-group-b-2017
428,2813,finland,kakkonen-group-b-2018
429,2816,finland,kakkonen-group-b-2019
430,2819,finland,kakkonen-group-b-2020
431,2822,finland,kakkonen-group-b-2021
432,2825,finland,kakkonen-group-b-2022
433,2827,finland,kakkonen-group-c-2016
434,2841,finland,kakkonen-group-c-2017
435,2835,finland,kakkonen-group-c-2018
436,2830,finland,kakkonen-group-c-2019
437,2833,finland,kakkonen-group-c-2020
438,2838,finland,kakkonen-group-c-2021
439,2845,finland,kakkonen-group-c-2022
440,2698,finland,veikkausliiga-2008
441,2702,finland,veikkausliiga-2009
442,2704,finland,veikkausliiga-2010
443,2710,finland,veikkausliiga-2011
444,2714,finland,veikkausliiga-2012
445,2718,finland,veikkausliiga-2013
446,2722,finland,veikkausliiga-2014
447,2726,finland,veikkausliiga-2015
448,2730,finland,veikkausliiga-2016
449,2733,finland,veikkausliiga-2017
450,2737,finland,veikkausliiga-2018
451,2741,finland,veikkausliiga-2019
452,2746,finland,veikkausliiga-2020
453,2749,finland,veikkausliiga-2021
454,2751,finland,veikkausliiga-2022
455,2755,finland,ykkonen-2012
456,2757,finland,ykkonen-2013
457,2760,finland,ykkonen-2014
458,2763,finland,ykkonen-2015
459,2764,finland,ykkonen-2016
460,2767,finland,ykkonen-2017
461,2775,finland,ykkonen-2018
462,2771,finland,ykkonen-2019
463,2773,finland,ykkonen-2020
464,2779,finland,ykkonen-2021
465,2784,finland,ykkonen-2022
466,2894,france,ligue-1-2007-2008
467,2899,france,ligue-1-2008-2009
468,2912,france,ligue-1-2009-2010
469,2910,france,ligue-1-2010-2011
470,2914,france,ligue-1-2011-2012
471,2924,france,ligue-1-2012-2013
472,2936,france,ligue-1-2013-2014
473,2938,france,ligue-1-2014-2015
474,2939,france,ligue-1-2015-2016
475,2946,france,ligue-1-2016-2017
476,2958,france,ligue-1-2017-2018
477,2955,france,ligue-1-2018-2019
478,2991,france,ligue-1-2019-2020
479,3006,france,ligue-1-2020-2021
480,2998,france,ligue-1-2021-2022
481,3015,france,ligue-2-2007-2008
482,3094,france,ligue-2-2008-2009
483,3067,france,ligue-2-2009-2010
484,3018,france,ligue-2-2010-2011
485,3019,france,ligue-2-2011-2012
486,3024,france,ligue-2-2012-2013
487,3029,france,ligue-2-2013-2014
488,3038,france,ligue-2-2014-2015
489,3073,france,ligue-2-2015-2016
490,3048,france,ligue-2-2016-2017
491,3052,france,ligue-2-2017-2018
492,3122,france,ligue-2-2018-2019
493,3055,france,ligue-2-2019-2020
494,3068,france,ligue-2-2020-2021
495,3095,france,ligue-2-2021-2022
496,3133,france,national-2010-2011
497,3153,france,national-2011-2012
498,3138,france,national-2012-2013
499,3144,france,national-2013-2014
500,3167,france,national-2014-2015
501,3194,france,national-2015-2016
502,3173,france,national-2016-2017
503,3156,france,national-2017-2018
504,3170,france,national-2018-2019
505,3175,france,national-2019-2020
506,3178,france,national-2020-2021
507,3231,georgia,crystalbet-erovnuli-liga-2020
508,3233,georgia,crystalbet-erovnuli-liga-2021
509,3237,georgia,crystalbet-erovnuli-liga-2022
510,3223,georgia,erovnuli-liga-2018
511,3227,georgia,erovnuli-liga-2019
512,3344,germany,2-bundesliga-2007-2008
513,3351,germany,2-bundesliga-2008-2009
514,3358,germany,2-bundesliga-2009-2010
515,3365,germany,2-bundesliga-2010-2011
516,3372,germany,2-bundesliga-2011-2012
517,3378,germany,2-bundesliga-2012-2013
518,3385,germany,2-bundesliga-2013-2014
519,3393,germany,2-bundesliga-2014-2015
520,3400,germany,2-bundesliga-2015-2016
521,3407,germany,2-bundesliga-2016-2017
522,3412,germany,2-bundesliga-2017-2018
523,3420,germany,2-bundesliga-2018-2019
524,3424,germany,2-bundesliga-2019-2020
525,3435,germany,2-bundesliga-2020-2021
526,3438,germany,2-bundesliga-2021-2022
527,3449,germany,3-liga-2008-2009
528,3460,germany,3-liga-2009-2010
529,3457,germany,3-liga-2010-2011
530,3463,germany,3-liga-2011-2012
531,3472,germany,3-liga-2012-2013
532,3478,germany,3-liga-2013-2014
533,3486,germany,3-liga-2014-2015
534,3507,germany,3-liga-2015-2016
535,3499,germany,3-liga-2016-2017
536,3508,germany,3-liga-2017-2018
537,3514,germany,3-liga-2018-2019
538,3524,germany,3-liga-2019-2020
539,3532,germany,3-liga-2020-2021
540,3546,germany,3-liga-2021-2022
541,3239,germany,bundesliga-2007-2008
542,3246,germany,bundesliga-2008-2009
543,3253,germany,bundesliga-2009-2010
544,3258,germany,bundesliga-2010-2011
545,3267,germany,bundesliga-2011-2012
546,3274,germany,bundesliga-2012-2013
547,3281,germany,bundesliga-2013-2014
548,3288,germany,bundesliga-2014-2015
549,3295,germany,bundesliga-2015-2016
550,3302,germany,bundesliga-2016-2017
551,3309,germany,bundesliga-2017-2018
552,3316,germany,bundesliga-2018-2019
553,3322,germany,bundesliga-2019-2020
554,3329,germany,bundesliga-2020-2021
555,3337,germany,bundesliga-2021-2022
556,3892,germany,regionalliga-bayern-2014-2015
557,3899,germany,regionalliga-bayern-2015-2016
558,3906,germany,regionalliga-bayern-2016-2017
559,3913,germany,regionalliga-bayern-2017-2018
560,3917,germany,regionalliga-bayern-2018-2019
561,3928,germany,regionalliga-bayern-2019-2021
562,3933,germany,regionalliga-bayern-2021-2022
563,3723,germany,regionalliga-nordost-2014-2015
564,3728,germany,regionalliga-nordost-2015-2016
565,3735,germany,regionalliga-nordost-2016-2017
566,3736,germany,regionalliga-nordost-2017-2018
567,3748,germany,regionalliga-nordost-2018-2019
568,3749,germany,regionalliga-nordost-2019-2020
569,3761,germany,regionalliga-nordost-2020-2021
570,3764,germany,regionalliga-nordost-2021-2022
571,3673,germany,regionalliga-north-2014-2015
572,3680,germany,regionalliga-north-2015-2016
573,3681,germany,regionalliga-north-2016-2017
574,3684,germany,regionalliga-north-2017-2018
575,3690,germany,regionalliga-north-2018-2019
576,3701,germany,regionalliga-north-2019-2020
577,3711,germany,regionalliga-north-2020-2021
578,3715,germany,regionalliga-north-2021-2022
579,3836,germany,regionalliga-sudwest-2014-2015
580,3843,germany,regionalliga-sudwest-2015-2016
581,3850,germany,regionalliga-sudwest-2016-2017
582,3857,germany,regionalliga-sudwest-2017-2018
583,3864,germany,regionalliga-sudwest-2018-2019
584,3870,germany,regionalliga-sudwest-2019-2020
585,3876,germany,regionalliga-sudwest-2020-2021
586,3885,germany,regionalliga-sudwest-2021-2022
587,3772,germany,regionalliga-west-2014-2015
588,3774,germany,regionalliga-west-2015-2016
589,3786,germany,regionalliga-west-2016-2017
590,3793,germany,regionalliga-west-2017-2018
591,3807,germany,regionalliga-west-2018-2019
592,3814,germany,regionalliga-west-2019-2020
593,3819,germany,regionalliga-west-2020-2021
594,3828,germany,regionalliga-west-2021-2022
595,4045,greece,football-league-2017-2018
596,4054,greece,football-league-2018-2019
597,4050,greece,football-league-2019-2020
598,4059,greece,football-league-2020-2021
599,4027,greece,super-league-2-2019-2020
600,4030,greece,super-league-2-2020-2021
601,4034,greece,super-league-2-2021-2022
602,3941,greece,super-league-2007-2008
603,3947,greece,super-league-2008-2009
604,3953,greece,super-league-2009-2010
605,3959,greece,super-league-2010-2011
606,3976,greece,super-league-2011-2012
607,3963,greece,super-league-2012-2013
608,3967,greece,super-league-2013-2014
609,3977,greece,super-league-2014-2015
610,3978,greece,super-league-2015-2016
611,3986,greece,super-league-2016-2017
612,3991,greece,super-league-2017-2018
613,3997,greece,super-league-2018-2019
614,4010,greece,super-league-2019-2020
615,4000,greece,super-league-2020-2021
616,4001,greece,super-league-2021-2022
617,4063,guatemala,liga-nacional-2018-2019
618,4069,guatemala,liga-nacional-2019-2020
619,4074,guatemala,liga-nacional-2020-2021
620,4079,guatemala,liga-nacional-2021-2022
621,4085,honduras,liga-nacional-2016-2017
622,4089,honduras,liga-nacional-2017-2018
623,4091,honduras,liga-nacional-2018-2019
624,4098,honduras,liga-nacional-2019-2020
625,4102,honduras,liga-nacional-2020-2021
626,4106,honduras,liga-nacional-2021-2022
627,4110,hong-kong,premier-league-2016-2017
628,4113,hong-kong,premier-league-2017-2018
629,4115,hong-kong,premier-league-2018-2019
630,4117,hong-kong,premier-league-2019-2020
631,4119,hong-kong,premier-league-2020-2021
632,4121,hong-kong,premier-league-2021-2022
633,4170,hungary,merkantil-bank-liga-2018-2019
634,4178,hungary,merkantil-bank-liga-2019-2020
635,4184,hungary,merkantil-bank-liga-2020-2021
636,4192,hungary,merkantil-bank-liga-2021-2022
637,4122,hungary,otp-bank-liga-2011-2012
638,4127,hungary,otp-bank-liga-2012-2013
639,4158,hungary,otp-bank-liga-2013-2014
640,4132,hungary,otp-bank-liga-2014-2015
641,4137,hungary,otp-bank-liga-2015-2016
642,4141,hungary,otp-bank-liga-2016-2017
643,4145,hungary,otp-bank-liga-2017-2018
644,4149,hungary,otp-bank-liga-2018-2019
645,4166,hungary,otp-bank-liga-2019-2020
646,4151,hungary,otp-bank-liga-2020-2021
647,4154,hungary,otp-bank-liga-2021-2022
648,4239,iceland,besta-deild-karla-2022
649,4241,iceland,division-1-2015
650,4244,iceland,inkasso-deildin-2016
651,4247,iceland,inkasso-deildin-2017
652,4257,iceland,inkasso-deildin-2018
653,4250,iceland,inkasso-deildin-2019
654,4253,iceland,inkasso-deildin-2020
655,4256,iceland,inkasso-deildin-2021
656,4262,iceland,lengjudeildin-2022
657,4200,iceland,pepsideild-2009
658,4203,iceland,pepsideild-2010
659,4205,iceland,pepsideild-2011
660,4207,iceland,pepsideild-2012
661,4210,iceland,pepsideild-2013
662,4213,iceland,pepsideild-2014
663,4226,iceland,pepsideild-2015
664,4217,iceland,pepsideild-2016
665,4221,iceland,pepsideild-2017
666,4223,iceland,pepsideild-2018
667,4227,iceland,pepsideild-2019
668,4231,iceland,pepsideild-2020
669,4235,iceland,pepsideild-2021
670,4278,india,i-league-2014-2015
671,4281,india,i-league-2015-2016
672,4283,india,i-league-2016-2017
673,4285,india,i-league-2017-2018
674,4287,india,i-league-2018-2019
675,4290,india,i-league-2019-2020
676,4291,india,i-league-2020-2021
677,4294,india,i-league-2021-2022
678,4264,india,isl-2016
679,4266,india,isl-2017-2018
680,4268,india,isl-2018-2019
681,4270,india,isl-2019-2020
682,4275,india,isl-2020-2021
683,4271,india,isl-2021-2022
684,4300,indonesia,isc-2016
685,4301,indonesia,liga-1-2017
686,4305,indonesia,liga-1-2018
687,4329,indonesia,liga-1-2019
688,4311,indonesia,liga-1-2020
689,4312,indonesia,liga-1-2021-2022
690,4342,iran,persian-gulf-pro-league-2016-2017
691,4347,iran,persian-gulf-pro-league-2017-2018
692,4352,iran,persian-gulf-pro-league-2018-2019
693,4357,iran,persian-gulf-pro-league-2019-2020
694,4362,iran,persian-gulf-pro-league-2020-2021
695,4365,iran,persian-gulf-pro-league-2021-2022
696,4433,ireland,division-1-2010
697,4437,ireland,division-1-2011
698,4441,ireland,division-1-2012
699,4444,ireland,division-1-2013
700,4447,ireland,division-1-2014
701,4460,ireland,division-1-2015
702,4450,ireland,division-1-2016
703,4453,ireland,division-1-2017
704,4456,ireland,division-1-2018
705,4466,ireland,division-1-2019
706,4459,ireland,division-1-2020
707,4463,ireland,division-1-2021
708,4470,ireland,division-1-2022
709,4372,ireland,premier-division-2008
710,4376,ireland,premier-division-2009
711,4377,ireland,premier-division-2010
712,4382,ireland,premier-division-2011
713,4388,ireland,premier-division-2012
714,4392,ireland,premier-division-2013
715,4397,ireland,premier-division-2014
716,4402,ireland,premier-division-2015
717,4407,ireland,premier-division-2016
718,4412,ireland,premier-division-2017
719,4414,ireland,premier-division-2018
720,4420,ireland,premier-division-2019
721,4424,ireland,premier-division-2020
722,4426,ireland,premier-division-2021
723,4430,ireland,premier-division-2022
724,4540,israel,leumit-league-2017-2018
725,4542,israel,leumit-league-2018-2019
726,4552,israel,leumit-league-2019-2020
727,4558,israel,leumit-league-2020-2021
728,4564,israel,leumit-league-2021-2022
729,4479,israel,ligat-ha-al-2010-2011
730,4473,israel,ligat-ha-al-2011-2012
731,4485,israel,ligat-ha-al-2012-2013
732,4490,israel,ligat-ha-al-2013-2014
733,4499,israel,ligat-ha-al-2014-2015
734,4492,israel,ligat-ha-al-2015-2016
735,4494,israel,ligat-ha-al-2016-2017
736,4509,israel,ligat-ha-al-2017-2018
737,4514,israel,ligat-ha-al-2018-2019
738,4519,israel,ligat-ha-al-2019-2020
739,4526,israel,ligat-ha-al-2020-2021
740,4535,israel,ligat-ha-al-2021-2022
741,4570,italy,serie-a-2007-2008
742,4574,italy,serie-a-2008-2009
743,4583,italy,serie-a-2009-2010
744,4587,italy,serie-a-2010-2011
745,4596,italy,serie-a-2011-2012
746,4633,italy,serie-a-2012-2013
747,4612,italy,serie-a-2013-2014
748,4621,italy,serie-a-2014-2015
749,4636,italy,serie-a-2015-2016
750,4628,italy,serie-a-2016-2017
751,4630,italy,serie-a-2017-2018
752,4666,italy,serie-a-2018-2019
753,4634,italy,serie-a-2019-2020
754,4639,italy,serie-a-2020-2021
755,4646,italy,serie-a-2021-2022
756,4698,italy,serie-b-2011-2012
757,4708,italy,serie-b-2012-2013
758,4710,italy,serie-b-2013-2014
759,4717,italy,serie-b-2014-2015
760,4723,italy,serie-b-2015-2016
761,4733,italy,serie-b-2016-2017
762,4744,italy,serie-b-2017-2018
763,4748,italy,serie-b-2018-2019
764,4760,italy,serie-b-2019-2020
765,4782,italy,serie-b-2020-2021
766,4792,italy,serie-b-2021-2022
767,4800,italy,serie-c-group-a-2017-2018
768,4803,italy,serie-c-group-a-2018-2019
769,4813,italy,serie-c-group-a-2019-2020
770,4819,italy,serie-c-group-a-2020-2021
771,4822,italy,serie-c-group-a-2021-2022
772,4842,italy,serie-c-group-b-2017-2018
773,4850,italy,serie-c-group-b-2018-2019
774,4859,italy,serie-c-group-b-2019-2020
775,4862,italy,serie-c-group-b-2020-2021
776,4874,italy,serie-c-group-b-2021-2022
777,4884,italy,serie-c-group-c-2017-2018
778,4892,italy,serie-c-group-c-2018-2019
779,4900,italy,serie-c-group-c-2019-2020
780,4907,italy,serie-c-group-c-2020-2021
781,4915,italy,serie-c-group-c-2021-2022
782,4924,jamaica,premier-league-2017-2018
783,4926,jamaica,premier-league-2018-2019
784,4932,jamaica,premier-league-2019-2020
785,4936,jamaica,premier-league-2021
786,4937,jamaica,premier-league-2022
787,4940,japan,j-league-2009
788,4947,japan,j-league-2010
789,4953,japan,j-league-2012
790,4957,japan,j-league-2013
791,4959,japan,j-league-2014
792,5030,japan,j-league-division-2-2009
793,5092,japan,j-league-division-2-2010
794,5040,japan,j-league-division-2-2011
795,5041,japan,j-league-division-2-2012
796,5071,japan,j-league-division-2-2013
797,5080,japan,j-league-division-2-2014
798,4966,japan,j1-league-2015
799,4973,japan,j1-league-2016
800,4980,japan,j1-league-2017
801,4988,japan,j1-league-2018
802,4992,japan,j1-league-2019
803,4999,japan,j1-league-2020
804,5008,japan,j1-league-2021
805,5017,japan,j1-league-2022
806,5090,japan,j2-league-2015
807,5108,japan,j2-league-2016
808,5124,japan,j2-league-2017
809,5134,japan,j2-league-2018
810,5143,japan,j2-league-2019
811,5153,japan,j2-league-2020
812,5163,japan,j2-league-2021
813,5173,japan,j2-league-2022
814,5183,jordan,premier-league-2016-2017
815,5182,jordan,premier-league-2017-2018
816,5186,jordan,premier-league-2018-2019
817,5191,jordan,premier-league-2020
818,5194,jordan,premier-league-2021
819,5197,jordan,premier-league-2022
820,5202,latvia,optibet-virsliga-2019
821,5208,latvia,optibet-virsliga-2020
822,5211,latvia,optibet-virsliga-2021
823,5214,latvia,optibet-virsliga-2022
824,5199,latvia,synottip-virsliga-2018
825,5217,lithuania,a-lyga-2016
826,5220,lithuania,a-lyga-2017
827,5223,lithuania,a-lyga-2018
828,5226,lithuania,a-lyga-2019
829,5229,lithuania,a-lyga-2020
830,5231,lithuania,a-lyga-2021
831,5235,lithuania,a-lyga-2022
832,5266,malaysia,premier-league-2016
833,5269,malaysia,premier-league-2017
834,5274,malaysia,premier-league-2018
835,5277,malaysia,premier-league-2019
836,5272,malaysia,premier-league-2020
837,5279,malaysia,premier-league-2021
838,5282,malaysia,premier-league-2022
839,5238,malaysia,super-league-2016
840,5241,malaysia,super-league-2017
841,5247,malaysia,super-league-2018
842,5253,malaysia,super-league-2019
843,5259,malaysia,super-league-2020
844,5261,malaysia,super-league-2021
845,5263,malaysia,super-league-2022
846,5285,malta,premier-league-2017-2018
847,5289,malta,premier-league-2018-2019
848,5293,malta,premier-league-2019-2020
849,5296,malta,premier-league-2020-2021
850,5300,malta,premier-league-2021-2022
851,5434,mexico,ascenso-mx-2019-2020
852,5418,mexico,liga-de-ascenso-2017-2018
853,5424,mexico,liga-de-ascenso-2018-2019
854,5438,mexico,liga-de-expansion-mx-2020-2021
855,5444,mexico,liga-de-expansion-mx-2021-2022
856,5366,mexico,liga-mx-2019-2020
857,5370,mexico,liga-mx-2020-2021
858,5387,mexico,liga-mx-2021-2022
859,5304,mexico,primera-division-2007-2008
860,5311,mexico,primera-division-2008-2009
861,5321,mexico,primera-division-2009-2010
862,5328,mexico,primera-division-2010-2011
863,5335,mexico,primera-division-2011-2012
864,5342,mexico,primera-division-2012-2013
865,5349,mexico,primera-division-2013-2014
866,5351,mexico,primera-division-2014-2015
867,5361,mexico,primera-division-2015-2016
868,5359,mexico,primera-division-2016-2017
869,5362,mexico,primera-division-2017-2018
870,5389,mexico,primera-division-2018-2019
871,5451,morocco,botola-pro-2018-2019
872,5455,morocco,botola-pro-2019-2020
873,5461,morocco,botola-pro-2020-2021
874,5466,morocco,botola-pro-2021-2022
875,5575,netherlands,eerste-divisie-2009-2010
876,5583,netherlands,eerste-divisie-2010-2011
877,5590,netherlands,eerste-divisie-2011-2012
878,5597,netherlands,eerste-divisie-2012-2013
879,5610,netherlands,eerste-divisie-2013-2014
880,5602,netherlands,eerste-divisie-2014-2015
881,5613,netherlands,eerste-divisie-2015-2016
882,5624,netherlands,eerste-divisie-2016-2017
883,5634,netherlands,eerste-divisie-2017-2018
884,5642,netherlands,eerste-divisie-2018-2019
885,5650,netherlands,eerste-divisie-2019-2020
886,5656,netherlands,eerste-divisie-2020-2021
887,5664,netherlands,eerste-divisie-2021-2022
888,5471,netherlands,eredivisie-2007-2008
889,5478,netherlands,eredivisie-2008-2009
890,5485,netherlands,eredivisie-2009-2010
891,5492,netherlands,eredivisie-2010-2011
892,5499,netherlands,eredivisie-2011-2012
893,5506,netherlands,eredivisie-2012-2013
894,5513,netherlands,eredivisie-2013-2014
895,5520,netherlands,eredivisie-2014-2015
896,5527,netherlands,eredivisie-2015-2016
897,5534,netherlands,eredivisie-2016-2017
898,5541,netherlands,eredivisie-2017-2018
899,5548,netherlands,eredivisie-2018-2019
900,5554,netherlands,eredivisie-2019-2020
901,5561,netherlands,eredivisie-2020-2021
902,5568,netherlands,eredivisie-2021-2022
903,5680,northern-ireland,ifa-premiership-2011-2012
904,5685,northern-ireland,ifa-premiership-2012-2013
905,5690,northern-ireland,nifl-premiership-2013-2014
906,5691,northern-ireland,nifl-premiership-2014-2015
907,5700,northern-ireland,nifl-premiership-2015-2016
908,5705,northern-ireland,nifl-premiership-2016-2017
909,5710,northern-ireland,nifl-premiership-2017-2018
910,5715,northern-ireland,nifl-premiership-2018-2019
911,5720,northern-ireland,nifl-premiership-2019-2020
912,5724,northern-ireland,nifl-premiership-2020-2021
913,5729,northern-ireland,nifl-premiership-2021-2022
914,5806,norway,adeccoligaen-2010
915,5811,norway,adeccoligaen-2011
916,5812,norway,adeccoligaen-2012
917,5821,norway,adeccoligaen-2013
918,5826,norway,division-1-2014
919,5788,norway,eliteserien-2017
920,5778,norway,eliteserien-2018
921,5783,norway,eliteserien-2019
922,5790,norway,eliteserien-2020
923,5794,norway,eliteserien-2021
924,5801,norway,eliteserien-2022
925,5831,norway,obos-ligaen-2015
926,5836,norway,obos-ligaen-2016
927,5841,norway,obos-ligaen-2017
928,5846,norway,obos-ligaen-2018
929,5851,norway,obos-ligaen-2019
930,5856,norway,obos-ligaen-2020
931,5861,norway,obos-ligaen-2021
932,5866,norway,obos-ligaen-2022
933,5734,norway,tippeligaen-2008
934,5738,norway,tippeligaen-2009
935,5743,norway,tippeligaen-2010
936,5748,norway,tippeligaen-2011
937,5753,norway,tippeligaen-2012
938,5757,norway,tippeligaen-2013
939,5763,norway,tippeligaen-2014
940,5768,norway,tippeligaen-2015
941,5773,norway,tippeligaen-2016
942,5869,panama,lpf-2016-2017
943,5873,panama,lpf-2017-2018
944,5877,panama,lpf-2018-2019
945,5881,panama,lpf-2019-2020
946,5884,panama,lpf-2020
947,5885,panama,lpf-2021
948,5889,panama,lpf-2022
949,5892,paraguay,primera-division-2012
950,5898,paraguay,primera-division-2013
951,5910,paraguay,primera-division-2014
952,5928,paraguay,primera-division-2015
953,5934,paraguay,primera-division-2016
954,5940,paraguay,primera-division-2017
955,5945,paraguay,primera-division-2018
956,5951,paraguay,primera-division-2019
957,5957,paraguay,primera-division-2020
958,5967,paraguay,primera-division-2021
959,5963,paraguay,primera-division-2022
960,6022,peru,liga-1-2019
961,6029,peru,liga-1-2021
962,6034,peru,liga-1-2022
963,5971,peru,primera-division-2012
964,5979,peru,primera-division-2013
965,5987,peru,primera-division-2014
966,5992,peru,primera-division-2015
967,5998,peru,primera-division-2016
968,6006,peru,primera-division-2017
969,6014,peru,primera-division-2018
970,6124,poland,division-1-2014-2015
971,6118,poland,division-1-2015-2016
972,6131,poland,division-1-2016-2017
973,6138,poland,division-1-2017-2018
974,6145,poland,division-1-2018-2019
975,6152,poland,division-1-2019-2020
976,6154,poland,division-1-2020-2021
977,6160,poland,division-1-2021-2022
978,6173,poland,division-2-2017-2018
979,6180,poland,division-2-2018-2019
980,6187,poland,division-2-2019-2020
981,6194,poland,division-2-2020-2021
982,6201,poland,division-2-2021-2022
983,6039,poland,ekstraklasa-2008-2009
984,6044,poland,ekstraklasa-2009-2010
985,6049,poland,ekstraklasa-2010-2011
986,6054,poland,ekstraklasa-2011-2012
987,6058,poland,ekstraklasa-2012-2013
988,6064,poland,ekstraklasa-2013-2014
989,6069,poland,ekstraklasa-2014-2015
990,6076,poland,ekstraklasa-2015-2016
991,6078,poland,ekstraklasa-2016-2017
992,6083,poland,ekstraklasa-2017-2018
993,6090,poland,ekstraklasa-2018-2019
994,6094,poland,ekstraklasa-2019-2020
995,6106,poland,ekstraklasa-2020-2021
996,6111,poland,ekstraklasa-2021-2022
997,6401,portugal,campeonato-de-portugal-2018-2019
998,6415,portugal,campeonato-de-portugal-2019-2020
999,6428,portugal,campeonato-de-portugal-2020-2021
1000,6446,portugal,campeonato-de-portugal-2021-2022
1001,6394,portugal,liga-3-2021-2022
1002,6286,portugal,liga-de-honra-2009-2010
1003,6291,portugal,liga-de-honra-2010-2011
1004,6296,portugal,liga-de-honra-2011-2012
1005,6367,portugal,liga-portugal-2-2020-2021
1006,6378,portugal,liga-portugal-2-2021-2022
1007,6275,portugal,liga-portugal-2021-2022
1008,6332,portugal,ligapro-2016-2017
1009,6346,portugal,ligapro-2017-2018
1010,6355,portugal,ligapro-2018-2019
1011,6362,portugal,ligapro-2019-2020
1012,6207,portugal,primeira-liga-2008-2009
1013,6212,portugal,primeira-liga-2009-2010
1014,6217,portugal,primeira-liga-2010-2011
1015,6222,portugal,primeira-liga-2011-2012
1016,6227,portugal,primeira-liga-2012-2013
1017,6232,portugal,primeira-liga-2013-2014
1018,6237,portugal,primeira-liga-2014-2015
1019,6244,portugal,primeira-liga-2015-2016
1020,6251,portugal,primeira-liga-2016-2017
1021,6258,portugal,primeira-liga-2017-2018
1022,6265,portugal,primeira-liga-2018-2019
1023,6272,portugal,primeira-liga-2019-2020
1024,6306,portugal,segunda-liga-2012-2013
1025,6311,portugal,segunda-liga-2013-2014
1026,6319,portugal,segunda-liga-2014-2015
1027,6320,portugal,segunda-liga-2015-2016
1028,6461,qatar,qsl-2014-2015
1029,6465,qatar,qsl-2015-2016
1030,6469,qatar,qsl-2016-2017
1031,6473,qatar,qsl-2017-2018
1032,6476,qatar,qsl-2018-2019
1033,6479,qatar,qsl-2019-2020
1034,6482,qatar,qsl-2020-2021
1035,6485,qatar,qsl-2021-2022
1036,6488,romania,liga-1-2008-2009
1037,6493,romania,liga-1-2009-2010
1038,6500,romania,liga-1-2010-2011
1039,6507,romania,liga-1-2011-2012
1040,6523,romania,liga-1-2012-2013
1041,6537,romania,liga-1-2013-2014
1042,6544,romania,liga-1-2014-2015
1043,6551,romania,liga-1-2015-2016
1044,6557,romania,liga-1-2016-2017
1045,6563,romania,liga-1-2017-2018
1046,6569,romania,liga-1-2018-2019
1047,6575,romania,liga-1-2019-2020
1048,6581,romania,liga-1-2020-2021
1049,6588,romania,liga-1-2021-2022
1050,6595,romania,liga-2-2017-2018
1051,6602,romania,liga-2-2018-2019
1052,6610,romania,liga-2-2019-2020
1053,6616,romania,liga-2-2020-2021
1054,6622,romania,liga-2-2021-2022
1055,6686,russia,fnl-2015-2016
1056,6694,russia,fnl-2016-2017
1057,6697,russia,fnl-2017-2018
1058,6708,russia,fnl-2018-2019
1059,6718,russia,fnl-2019-2020
1060,6724,russia,fnl-2020-2021
1061,6730,russia,fnl-2021-2022
1062,6628,russia,premier-league-2011-2012
1063,6636,russia,premier-league-2012-2013
1064,6641,russia,premier-league-2013-2014
1065,6646,russia,premier-league-2014-2015
1066,6651,russia,premier-league-2015-2016
1067,6655,russia,premier-league-2016-2017
1068,6661,russia,premier-league-2017-2018
1069,6666,russia,premier-league-2018-2019
1070,6676,russia,premier-league-2019-2020
1071,6671,russia,premier-league-2020-2021
1072,6678,russia,premier-league-2021-2022
1073,6742,saudi-arabia,saudi-professional-league-2014-2015
1074,6746,saudi-arabia,saudi-professional-league-2015-2016
1075,6749,saudi-arabia,saudi-professional-league-2016-2017
1076,6753,saudi-arabia,saudi-professional-league-2017-2018
1077,6758,saudi-arabia,saudi-professional-league-2018-2019
1078,6763,saudi-arabia,saudi-professional-league-2019-2020
1079,6766,saudi-arabia,saudi-professional-league-2020-2021
1080,6863,scotland,championship-2013-2014
1081,6865,scotland,championship-2014-2015
1082,6869,scotland,championship-2015-2016
1083,6874,scotland,championship-2016-2017
1084,6878,scotland,championship-2017-2018
1085,6883,scotland,championship-2018-2019
1086,6888,scotland,championship-2019-2020
1087,6892,scotland,championship-2020-2021
1088,6895,scotland,championship-2021-2022
1089,6847,scotland,division-1-2008-2009
1090,6850,scotland,division-1-2009-2010
1091,6854,scotland,division-1-2010-2011
1092,6855,scotland,division-1-2011-2012
1093,6859,scotland,division-1-2012-2013
1094,6900,scotland,division-2-2008-2009
1095,6904,scotland,division-2-2009-2010
1096,6908,scotland,division-2-2010-2011
1097,6912,scotland,division-2-2011-2012
1098,6916,scotland,division-2-2012-2013
1099,6954,scotland,division-3-2008-2009
1100,6958,scotland,division-3-2009-2010
1101,6962,scotland,division-3-2010-2011
1102,6966,scotland,division-3-2011-2012
1103,6970,scotland,division-3-2012-2013
1104,6920,scotland,league-one-2013-2014
1105,6924,scotland,league-one-2014-2015
1106,6928,scotland,league-one-2015-2016
1107,6932,scotland,league-one-2016-2017
1108,6936,scotland,league-one-2017-2018
1109,6940,scotland,league-one-2018-2019
1110,6944,scotland,league-one-2019-2020
1111,6947,scotland,league-one-2020-2021
1112,6950,scotland,league-one-2021-2022
1113,6974,scotland,league-two-2013-2014
1114,6978,scotland,league-two-2014-2015
1115,6982,scotland,league-two-2015-2016
1116,6986,scotland,league-two-2016-2017
1117,6990,scotland,league-two-2017-2018
1118,6994,scotland,league-two-2018-2019
1119,6998,scotland,league-two-2019-2020
1120,7001,scotland,league-two-2020-2021
1121,7004,scotland,league-two-2021-2022
1122,7008,scotland,league-two-2022-2023
1123,6773,scotland,premier-league-2007-2008
1124,6778,scotland,premier-league-2008-2009
1125,6783,scotland,premier-league-2009-2010
1126,6788,scotland,premier-league-2010-2011
1127,6793,scotland,premier-league-2011-2012
1128,6798,scotland,premier-league-2012-2013
1129,6803,scotland,premiership-2013-2014
1130,6808,scotland,premiership-2014-2015
1131,6813,scotland,premiership-2015-2016
1132,6818,scotland,premiership-2016-2017
1133,6823,scotland,premiership-2017-2018
1134,6828,scotland,premiership-2018-2019
1135,6833,scotland,premiership-2019-2020
1136,6837,scotland,premiership-2020-2021
1137,6842,scotland,premiership-2021-2022
1138,7009,serbia,super-liga-2011-2012
1139,7014,serbia,super-liga-2012-2013
1140,7019,serbia,super-liga-2013-2014
1141,7020,serbia,super-liga-2014-2015
1142,7025,serbia,super-liga-2015-2016
1143,7032,serbia,super-liga-2016-2017
1144,7038,serbia,super-liga-2017-2018
1145,7040,serbia,super-liga-2018-2019
1146,7048,serbia,super-liga-2019-2020
1147,7053,serbia,super-liga-2020-2021
1148,7061,serbia,super-liga-2021-2022
1149,7079,singapore,premier-league-2018
1150,7082,singapore,premier-league-2019
1151,7088,singapore,premier-league-2020
1152,7090,singapore,premier-league-2021
1153,7092,singapore,premier-league-2022
1154,7076,singapore,s-league-2016
1155,7073,singapore,s-league-2017
1156,7096,slovakia,corgon-liga-2010-2011
1157,7100,slovakia,corgon-liga-2011-2012
1158,7108,slovakia,corgon-liga-2012-2013
1159,7104,slovakia,corgon-liga-2013-2014
1160,7110,slovakia,fortuna-liga-2014-2015
1161,7116,slovakia,fortuna-liga-2015-2016
1162,7131,slovakia,fortuna-liga-2016-2017
1163,7138,slovakia,fortuna-liga-2017-2018
1164,7119,slovakia,fortuna-liga-2018-2019
1165,7122,slovakia,fortuna-liga-2019-2020
1166,7134,slovakia,fortuna-liga-2020-2021
1167,7127,slovakia,fortuna-liga-2021-2022
1168,7144,slovenia,prva-liga-2011-2012
1169,7148,slovenia,prva-liga-2012-2013
1170,7151,slovenia,prva-liga-2013-2014
1171,7155,slovenia,prva-liga-2014-2015
1172,7156,slovenia,prva-liga-2015-2016
1173,7160,slovenia,prva-liga-2016-2017
1174,7164,slovenia,prva-liga-2017-2018
1175,7179,slovenia,prva-liga-2018-2019
1176,7167,slovenia,prva-liga-2019-2020
1177,7171,slovenia,prva-liga-2020-2021
1178,7175,slovenia,prva-liga-2021-2022
1179,7188,south-africa,premier-league-2014-2015
1180,7195,south-africa,premier-league-2015-2016
1181,7190,south-africa,premier-league-2016-2017
1182,7216,south-africa,premier-league-2017-2018
1183,7208,south-africa,premier-league-2018-2019
1184,7212,south-africa,premier-league-2019-2020
1185,7228,south-africa,premier-league-2020-2021
1186,7223,south-africa,premier-league-2021-2022
1187,7254,south-korea,k-league-1-2018
1188,7280,south-korea,k-league-1-2019
1189,7261,south-korea,k-league-1-2020
1190,7268,south-korea,k-league-1-2021
1191,7265,south-korea,k-league-1-2022
1192,7290,south-korea,k-league-2-2019
1193,7296,south-korea,k-league-2-2020
1194,7300,south-korea,k-league-2-2021
1195,7304,south-korea,k-league-2-2022
1196,7285,south-korea,k-league-challenge-2016
1197,7294,south-korea,k-league-challenge-2017
1198,7243,south-korea,k-league-classic-2014
1199,7248,south-korea,k-league-classic-2015
1200,7272,south-korea,k-league-classic-2016
1201,7250,south-korea,k-league-classic-2017
1202,7384,spain,laliga-2016-2017
1203,7406,spain,laliga-2017-2018
1204,7374,spain,laliga-2018-2019
1205,7345,spain,laliga-2019-2020
1206,7361,spain,laliga-2020-2021
1207,7350,spain,laliga-2021-2022
1208,7526,spain,laliga2-2016-2017
1209,7536,spain,laliga2-2017-2018
1210,7565,spain,laliga2-2018-2019
1211,7538,spain,laliga2-2019-2020
1212,7544,spain,laliga2-2020-2021
1213,7549,spain,laliga2-2021-2022
1214,7308,spain,primera-division-2007-2008
1215,7316,spain,primera-division-2008-2009
1216,7318,spain,primera-division-2009-2010
1217,7326,spain,primera-division-2010-2011
1218,7327,spain,primera-division-2011-2012
1219,7393,spain,primera-division-2012-2013
1220,7396,spain,primera-division-2013-2014
1221,7344,spain,primera-division-2014-2015
1222,7367,spain,primera-division-2015-2016
1223,7585,spain,primera-rfef-group-1-2021-2022
1224,7593,spain,primera-rfef-group-2-2021-2022
1225,7436,spain,segunda-division-2007-2008
1226,7446,spain,segunda-division-2008-2009
1227,7456,spain,segunda-division-2009-2010
1228,7466,spain,segunda-division-2010-2011
1229,7476,spain,segunda-division-2011-2012
1230,7486,spain,segunda-division-2012-2013
1231,7496,spain,segunda-division-2013-2014
1232,7506,spain,segunda-division-2014-2015
1233,7516,spain,segunda-division-2015-2016
1234,7601,spain,segunda-division-b-group-1-2013-2014
1235,7609,spain,segunda-division-b-group-1-2014-2015
1236,7615,spain,segunda-division-b-group-1-2015-2016
1237,7627,spain,segunda-division-b-group-1-2016-2017
1238,7636,spain,segunda-division-b-group-1-2017-2018
1239,7638,spain,segunda-division-b-group-1-2018-2019
1240,7639,spain,segunda-division-b-group-1-2019-2020
1241,7640,spain,segunda-division-b-group-1-2020-2021
1242,7674,spain,segunda-division-b-group-2-2013-2014
1243,7677,spain,segunda-division-b-group-2-2014-2015
1244,7679,spain,segunda-division-b-group-2-2015-2016
1245,7734,spain,segunda-division-b-group-2-2016-2017
1246,7730,spain,segunda-division-b-group-2-2017-2018
1247,7683,spain,segunda-division-b-group-2-2018-2019
1248,7693,spain,segunda-division-b-group-2-2019-2020
1249,7700,spain,segunda-division-b-group-2-2020-2021
1250,7754,spain,segunda-division-b-group-3-2013-2014
1251,7764,spain,segunda-division-b-group-3-2014-2015
1252,7759,spain,segunda-division-b-group-3-2015-2016
1253,7765,spain,segunda-division-b-group-3-2016-2017
1254,7775,spain,segunda-division-b-group-3-2017-2018
1255,7786,spain,segunda-division-b-group-3-2018-2019
1256,7798,spain,segunda-division-b-group-3-2019-2020
1257,7801,spain,segunda-division-b-group-3-2020-2021
1258,7827,spain,segunda-division-b-group-4-2013-2014
1259,7836,spain,segunda-division-b-group-4-2014-2015
1260,7837,spain,segunda-division-b-group-4-2015-2016
1261,7852,spain,segunda-division-b-group-4-2016-2017
1262,7864,spain,segunda-division-b-group-4-2017-2018
1263,7853,spain,segunda-division-b-group-4-2018-2019
1264,7883,spain,segunda-division-b-group-4-2019-2020
1265,7867,spain,segunda-division-b-group-4-2020-2021
1266,7982,spain,segunda-division-b-group-5-2020-2021
1267,7644,spain,segunda-rfef-group-1-2021-2022
1268,7717,spain,segunda-rfef-group-2-2021-2022
1269,7812,spain,segunda-rfef-group-3-2021-2022
1270,7876,spain,segunda-rfef-group-4-2021-2022
1271,7975,spain,segunda-rfef-group-5-2021-2022
1272,7988,sweden,allsvenskan-2008
1273,7992,sweden,allsvenskan-2009
1274,7998,sweden,allsvenskan-2010
1275,8001,sweden,allsvenskan-2011
1276,8004,sweden,allsvenskan-2012
1277,8009,sweden,allsvenskan-2013
1278,8014,sweden,allsvenskan-2014
1279,8018,sweden,allsvenskan-2015
1280,8023,sweden,allsvenskan-2016
1281,8028,sweden,allsvenskan-2017
1282,8034,sweden,allsvenskan-2018
1283,8038,sweden,allsvenskan-2019
1284,8036,sweden,allsvenskan-2020
1285,8039,sweden,allsvenskan-2021
1286,8043,sweden,allsvenskan-2022
1287,8134,sweden,division-1-norra-2014
1288,8138,sweden,division-1-norra-2015
1289,8142,sweden,division-1-norra-2016
1290,8146,sweden,division-1-norra-2017
1291,8150,sweden,division-1-norra-2018
1292,8155,sweden,division-1-norra-2019
1293,8160,sweden,division-1-norra-2020
1294,8165,sweden,division-1-norra-2021
1295,8170,sweden,division-1-norra-2022
1296,8173,sweden,division-1-sodra-2014
1297,8177,sweden,division-1-sodra-2015
1298,8181,sweden,division-1-sodra-2016
1299,8185,sweden,division-1-sodra-2017
1300,8189,sweden,division-1-sodra-2018
1301,8194,sweden,division-1-sodra-2019
1302,8199,sweden,division-1-sodra-2020
1303,8204,sweden,division-1-sodra-2021
1304,8209,sweden,division-1-sodra-2022
1305,8061,sweden,superettan-2010
1306,8066,sweden,superettan-2011
1307,8088,sweden,superettan-2012
1308,8071,sweden,superettan-2013
1309,8076,sweden,superettan-2014
1310,8081,sweden,superettan-2015
1311,8083,sweden,superettan-2016
1312,8128,sweden,superettan-2017
1313,8092,sweden,superettan-2018
1314,8102,sweden,superettan-2019
1315,8109,sweden,superettan-2020
1316,8113,sweden,superettan-2021
1317,8117,sweden,superettan-2022
1318,8276,switzerland,challenge-league-2009-2010
1319,8281,switzerland,challenge-league-2010-2011
1320,8286,switzerland,challenge-league-2011-2012
1321,8288,switzerland,challenge-league-2012-2013
1322,8296,switzerland,challenge-league-2013-2014
1323,8300,switzerland,challenge-league-2014-2015
1324,8303,switzerland,challenge-league-2015-2016
1325,8305,switzerland,challenge-league-2016-2017
1326,8309,switzerland,challenge-league-2017-2018
1327,8313,switzerland,challenge-league-2018-2019
1328,8319,switzerland,challenge-league-2019-2020
1329,8323,switzerland,challenge-league-2020-2021
1330,8325,switzerland,challenge-league-2021-2022
1331,8212,switzerland,super-league-2008-2009
1332,8215,switzerland,super-league-2009-2010
1333,8219,switzerland,super-league-2010-2011
1334,8221,switzerland,super-league-2011-2012
1335,8227,switzerland,super-league-2012-2013
1336,8232,switzerland,super-league-2013-2014
1337,8236,switzerland,super-league-2014-2015
1338,8240,switzerland,super-league-2015-2016
1339,8248,switzerland,super-league-2016-2017
1340,8252,switzerland,super-league-2017-2018
1341,8260,switzerland,super-league-2018-2019
1342,8264,switzerland,super-league-2019-2020
1343,8268,switzerland,super-league-2020-2021
1344,8272,switzerland,super-league-2021-2022
1345,8356,thailand,thai-league-1-2017
1346,8362,thailand,thai-league-1-2018
1347,8370,thailand,thai-league-1-2019
1348,8375,thailand,thai-league-1-2020
1349,8380,thailand,thai-league-1-2021-2022
1350,8335,thailand,thai-premier-league-2014
1351,8343,thailand,thai-premier-league-2015
1352,8346,thailand,thai-premier-league-2016
1353,8390,tunisia,ligue-professionnelle-1-2016-2017
1354,8394,tunisia,ligue-professionnelle-1-2017-2018
1355,8398,tunisia,ligue-professionnelle-1-2018-2019
1356,8402,tunisia,ligue-professionnelle-1-2019-2020
1357,8405,tunisia,ligue-professionnelle-1-2020-2021
1358,8410,tunisia,ligue-professionnelle-1-2021-2022
1359,8568,turkey,1-lig-2017-2018
1360,8575,turkey,1-lig-2018-2019
1361,8582,turkey,1-lig-2019-2020
1362,8589,turkey,1-lig-2020-2021
1363,8596,turkey,1-lig-2021-2022
1364,8520,turkey,bank-asya-1-lig-2010-2011
1365,8526,turkey,bank-asya-1-lig-2011-2012
1366,8533,turkey,ptt-1-lig-2012-2013
1367,8540,turkey,ptt-1-lig-2013-2014
1368,8547,turkey,ptt-1-lig-2014-2015
1369,8554,turkey,ptt-1-lig-2015-2016
1370,8413,turkey,super-lig-2008-2009
1371,8420,turkey,super-lig-2009-2010
1372,8426,turkey,super-lig-2010-2011
1373,8433,turkey,super-lig-2011-2012
1374,8440,turkey,super-lig-2012-2013
1375,8447,turkey,super-lig-2013-2014
1376,8453,turkey,super-lig-2014-2015
1377,8460,turkey,super-lig-2015-2016
1378,8467,turkey,super-lig-2016-2017
1379,8468,turkey,super-lig-2017-2018
1380,8482,turkey,super-lig-2018-2019
1381,8489,turkey,super-lig-2019-2020
1382,8500,turkey,super-lig-2020-2021
1383,8510,turkey,super-lig-2021-2022
1384,8561,turkey,tff-1-lig-2016-2017
1385,8738,ukraine,pari-match-league-2015-2016
1386,8743,ukraine,pari-match-league-2016-2017
1387,8724,ukraine,premier-league-2010-2011
1388,8729,ukraine,premier-league-2011-2012
1389,8734,ukraine,premier-league-2012-2013
1390,8741,ukraine,premier-league-2013-2014
1391,8736,ukraine,premier-league-2014-2015
1392,8746,ukraine,premier-league-2017-2018
1393,8751,ukraine,premier-league-2018-2019
1394,8756,ukraine,premier-league-2019-2020
1395,8760,ukraine,premier-league-2020-2021
1396,8764,ukraine,premier-league-2021-2022
1397,8776,united-arab-emirates,uae-league-2014-2015
1398,8780,united-arab-emirates,uae-league-2015-2016
1399,8784,united-arab-emirates,uae-league-2016-2017
1400,8788,united-arab-emirates,uae-league-2017-2018
1401,8791,united-arab-emirates,uae-league-2018-2019
1402,8795,united-arab-emirates,uae-league-2019-2020
1403,8798,united-arab-emirates,uae-league-2020-2021
1404,8802,united-arab-emirates,uae-league-2021-2022
1405,8806,uruguay,primera-division-2011-2012
1406,8807,uruguay,primera-division-2012-2013
1407,8812,uruguay,primera-division-2013-2014
1408,8815,uruguay,primera-division-2014-2015
1409,8819,uruguay,primera-division-2015-2016
1410,8847,uruguay,primera-division-2016
1411,8824,uruguay,primera-division-2017
1412,8826,uruguay,primera-division-2018
1413,8833,uruguay,primera-division-2019
1414,8849,uruguay,primera-division-2020
1415,8865,uruguay,primera-division-2021
1416,8879,uruguay,primera-division-2022
1417,8603,usa,mls-2009
1418,8608,usa,mls-2010
1419,8611,usa,mls-2011
1420,8625,usa,mls-2012
1421,8618,usa,mls-2013
1422,8626,usa,mls-2014
1423,8633,usa,mls-2015
1424,8640,usa,mls-2016
1425,8648,usa,mls-2017
1426,8664,usa,mls-2018
1427,8671,usa,mls-2019
1428,8681,usa,mls-2020
1429,8690,usa,mls-2021
1430,8701,usa,mls-2022
1431,8887,venezuela,primera-division-2013-2014
1432,8894,venezuela,primera-division-2014-2015
1433,8897,venezuela,primera-division-2015
1434,8901,venezuela,primera-division-2016
1435,8919,venezuela,primera-division-2017
1436,8927,venezuela,primera-division-2018
1437,8934,venezuela,primera-division-2019
1438,8942,venezuela,primera-division-2020
1439,8946,venezuela,primera-division-2021
1440,8953,venezuela,primera-division-2022
1441,8973,wales,cymru-premier-2019-2020
1442,8981,wales,cymru-premier-2020-2021
1443,8989,wales,cymru-premier-2021-2022
1444,8965,wales,premier-league-2017-2018
1445,8969,wales,premier-league-2018-2019
